Runner,Gender,Place,Seconds,mph
1,M,1830,17375,5.432374101
2,F,2475,20988,4.497212693
3,M,1584,16642,5.671644033
4,M,1858,17453,5.408096029
5,M,1908,17705,5.331121152
6,M,1076,15207,6.206845532
7,M,1317,15905,5.934454574
8,M,92,11624,8.120053338
9,M,764,14286,6.60699286
10,M,215,12484,7.560677667
11,M,13,10200,9.253676471
12,M,376,13138,7.184312681
13,M,455,13445,7.020267758
14,F,2232,19165,4.924993478
15,F,1635,16816,5.612957897
16,F,1121,15336,6.15463615
17,F,1204,15556,6.067594497
18,M,586,13850,6.814981949
19,M,654,14017,6.733787544
20,M,230,12533,7.531117849
21,M,45,10940,8.62774223
22,M,379,13153,7.176119516
23,M,420,13318,7.087212795
24,M,384,13180,7.161418816
25,M,158,12165,7.758939581
26,M,2438,20527,4.598212111
27,M,1694,16973,5.561038119
28,M,963,14912,6.329633852
29,F,2327,19789,4.769695285
30,M,632,13963,6.75982955
31,M,19,10504,8.985862529
32,F,1201,15548,6.070716491
33,F,1260,15745,5.994760241
34,F,2499,22061,4.278477857
35,F,352,13042,7.237195215
36,F,2200,18998,4.968286135
37,M,1107,15280,6.177192408
38,M,1952,17879,5.279238212
39,M,703,14134,6.678045847
40,F,1979,17969,5.252796483
41,F,327,12950,7.288610039
42,F,1153,15425,6.119124797
43,M,1626,16788,5.622319514
44,M,921,14802,6.376672071
45,M,2333,19806,4.765601333
46,M,1600,16694,5.653977477
47,M,1901,17685,5.337150127
48,M,349,13030,7.243860322
49,M,638,13990,6.746783417
50,M,686,14088,6.699850937
51,M,1368,16051,5.880474737
52,M,333,12973,7.275687967
53,M,70,11453,8.241290492
54,M,2231,19163,4.925507488
55,M,44,10930,8.635635865
56,F,1334,15949,5.918082638
57,F,1792,17246,5.473008234
58,F,1403,16147,5.845513098
59,M,1664,16888,5.589027712
60,M,842,14515,6.50275577
61,M,1962,17917,5.268041525
62,M,1098,15264,6.183667453
63,M,1309,15870,5.947542533
64,M,1522,16516,5.714912812
65,F,1742,17109,5.516833246
66,F,660,14034,6.725630611
67,F,877,14631,6.451199508
68,F,1605,16704,5.650592672
69,F,1831,17375,5.432374101
70,M,518,13634,6.922949978
71,M,82,11565,8.161478599
72,M,1123,15342,6.152229175
73,M,2222,19105,4.940460612
74,F,1071,15199,6.210112507
75,F,1942,17817,5.297609025
76,F,1515,16483,5.726354426
77,F,2069,18352,5.143172406
78,F,1750,17118,5.513932702
79,F,1565,16594,5.688049898
80,F,99,11702,8.065928901
81,F,1327,15934,5.923653822
82,M,1420,16190,5.829987647
83,M,972,14937,6.319039968
84,F,2005,18087,5.218527119
85,F,1137,15369,6.141421042
86,F,2420,20407,4.625251139
87,F,1010,15031,6.279522321
88,F,1895,17661,5.344402922
89,F,2393,20233,4.66502743
90,F,432,13355,7.067577686
91,F,890,14676,6.431418643
92,F,135,11996,7.868247749
93,F,1234,15641,6.034620549
94,F,1382,16097,5.863670249
95,F,806,14409,6.550593379
96,F,1643,16840,5.604958432
97,F,823,14464,6.525684458
98,F,2386,20187,4.675657601
99,F,291,12802,7.372871426
100,F,939,14839,6.360772289
101,F,1617,16745,5.636757241
102,F,500,13594,6.943320583
103,F,1097,15257,6.186504555
104,F,2074,18367,5.138972069
105,F,2122,18582,5.079512431
106,F,1731,17070,5.52943761
107,F,1716,17023,5.544704224
108,F,1876,17536,5.382498859
109,M,387,13199,7.151109933
110,M,2423,20413,4.623891638
111,F,1713,17011,5.548615602
112,M,1466,16324,5.782130605
113,F,1759,17143,5.505891618
114,F,2112,18526,5.094866674
115,F,903,14741,6.403059494
116,F,1324,15915,5.93072573
117,F,979,14955,6.311434303
118,F,575,13822,6.82878744
119,F,697,14115,6.687035069
120,F,475,13523,6.979775198
121,F,1473,16345,5.774701744
122,F,2140,18659,5.058550833
123,M,233,12540,7.526913876
124,F,2201,18999,4.968024633
125,F,2336,19817,4.762956048
126,F,1661,16886,5.589689684
127,F,348,13016,7.251651813
128,M,2326,19769,4.774520714
129,M,480,13544,6.968953042
130,M,372,13128,7.189785192
131,M,521,13640,6.919904692
132,M,1043,15122,6.241733898
133,M,211,12479,7.563707028
134,M,2301,19633,4.807594356
135,M,394,13230,7.134353741
136,M,552,13745,6.867042561
137,M,579,13827,6.826318073
138,M,911,14770,6.390487475
139,M,561,13772,6.853579727
140,M,1683,16930,5.575162434
141,M,412,13294,7.100007522
142,M,1479,16370,5.765882712
143,M,511,13612,6.934138995
144,M,1609,16730,5.641811118
145,M,741,14226,6.634858709
146,M,1244,15674,6.021915274
147,M,182,12343,7.647046909
148,M,402,13261,7.117675892
149,M,2331,19801,4.766804707
150,M,1094,15252,6.188532651
151,M,324,12944,7.291988566
152,M,573,13813,6.833236806
153,M,111,11798,8.00029666
154,M,1131,15354,6.147420868
155,M,2110,18517,5.097342982
156,M,515,13629,6.925489764
157,M,1909,17708,5.330217981
158,M,551,13739,6.870041488
159,M,150,12117,7.789675662
160,F,2293,19552,4.827511252
161,F,2169,18850,5.00729443
162,F,1468,16330,5.780006124
163,F,1532,16537,5.70765556
164,F,635,13985,6.749195567
165,F,124,11951,7.897874655
166,F,2125,18594,5.076234269
167,F,2309,19662,4.800503509
168,F,192,12379,7.624808143
169,F,2311,19674,4.79757548
170,F,1480,16370,5.765882712
171,F,1886,17572,5.371471659
172,F,1571,16604,5.684624187
173,F,2409,20354,4.637294881
174,F,2255,19307,4.888770912
175,M,1410,16162,5.84008786
176,F,808,14421,6.545142501
177,F,1914,17714,5.328412555
178,F,1206,15560,6.066034704
179,F,250,12598,7.492260676
180,F,227,12517,7.540744587
181,F,1254,15728,6.001239827
182,F,1915,17720,5.326608352
183,F,571,13809,6.835216163
184,F,2265,19371,4.872618863
185,F,1138,15370,6.14102147
186,F,1438,16240,5.812038177
187,F,664,14051,6.717493417
188,F,1288,15827,5.96370127
189,F,417,13312,7.090407151
190,F,2335,19817,4.762956048
191,F,1714,17013,5.547963322
192,F,2322,19746,4.780082042
193,F,1224,15610,6.046604741
194,F,1140,15382,6.136230659
195,M,1261,15748,5.993618237
196,M,2175,18890,4.996691371
197,M,1248,15694,6.014241111
198,M,1832,17377,5.431748863
199,M,1688,16947,5.569569835
200,F,2245,19218,4.911411177
201,M,477,13527,6.977711244
202,F,2105,18497,5.102854517
203,F,1898,17672,5.341076279
204,F,1265,15760,5.989054569
205,M,1441,16245,5.810249307
206,M,1951,17876,5.280124189
207,F,2284,19489,4.84311663
208,F,2444,20559,4.591055012
209,M,385,13187,7.15761735
210,M,860,14580,6.473765432
211,F,1884,17571,5.37177736
212,F,872,14610,6.460472279
213,F,2083,18385,5.133940713
214,F,396,13231,7.133814526
215,F,2009,18116,5.210173327
216,F,1822,17334,5.445223261
217,F,1677,16912,5.581096263
218,M,843,14516,6.502307798
219,M,380,13154,7.17557397
220,M,1025,15090,6.254970179
221,M,58,11137,8.475127952
222,F,2445,20571,4.588376841
223,M,747,14238,6.629266751
224,M,15,10312,9.153171063
225,F,2297,19595,4.816917581
226,M,1717,17024,5.544378524
227,F,2303,19642,4.805391508
228,F,1953,17887,5.276877062
229,F,982,14962,6.308481486
230,F,2176,18906,4.99246271
231,F,848,14536,6.49336131
232,M,129,11970,7.885338346
233,F,678,14079,6.704133816
234,M,1385,16098,5.863306001
235,M,815,14435,6.538794596
236,F,1674,16911,5.581426291
237,F,1351,15994,5.901431787
238,F,941,14848,6.356916756
239,F,645,13996,6.743891112
240,M,419,13315,7.088809613
241,M,38,10842,8.705727726
242,M,1003,15021,6.283702816
243,M,466,13488,6.997887011
244,M,936,14829,6.365061703
245,M,650,14007,6.738594988
246,M,1580,16630,5.675736621
247,M,2185,18958,4.978768857
248,M,1130,15350,6.149022801
249,M,868,14606,6.462241545
250,M,289,12799,7.374599578
251,F,1570,16603,5.684966572
252,F,1325,15916,5.930353104
253,F,2242,19207,4.914223981
254,F,1502,16458,5.735052862
255,F,2061,18320,5.152156114
256,M,381,13156,7.174483126
257,M,1587,16652,5.668238049
258,M,60,11199,8.428207876
259,M,51,11037,8.551916282
260,M,364,13089,7.211207884
261,M,1881,17556,5.376367054
262,M,2144,18682,5.052323092
263,M,80,11524,8.190515446
264,M,1850,17429,5.41554306
265,M,1422,16195,5.828187712
266,M,1539,16555,5.701449713
267,M,916,14778,6.387028015
268,F,2437,20516,4.60067752
269,M,2431,20496,4.605166862
270,M,355,13058,7.228327462
271,M,780,14335,6.58440879
272,M,1990,17994,5.245498499
273,M,898,14730,6.407841141
274,M,1157,15433,6.115952828
275,M,1383,16098,5.863306001
276,M,607,13909,6.786073765
277,M,1187,15504,6.087945046
278,M,140,12029,7.846662233
279,M,612,13920,6.780711207
280,M,1673,16909,5.582086463
281,F,2358,19956,4.729780517
282,M,382,13158,7.173392613
283,M,29,10697,8.823735627
284,M,785,14351,6.5770678
285,M,642,13994,6.744854938
286,M,263,12633,7.471503206
287,F,1841,17399,5.42488074
288,F,2414,20380,4.631378803
289,M,31,10733,8.79413957
290,M,496,13586,6.947409098
291,M,2055,18281,5.16314753
292,M,74,11496,8.210464509
293,M,91,11624,8.120053338
294,M,1640,16830,5.60828877
295,F,1197,15534,6.076187717
296,F,665,14052,6.717015371
297,M,1160,15434,6.115556563
298,M,12,10160,9.290108268
299,M,1105,15275,6.179214403
300,M,1735,17088,5.523613062
301,M,336,12975,7.274566474
302,M,535,13695,6.89211391
303,M,1092,15242,6.192592836
304,M,787,14351,6.5770678
305,M,422,13321,7.085616695
306,M,1440,16245,5.810249307
307,M,830,14483,6.517123524
308,M,2362,20008,4.717488005
309,M,442,13410,7.038590604
310,M,1101,15267,6.182452348
311,M,745,14236,6.630198089
312,M,88,11612,8.128444712
313,M,601,13895,6.792911119
314,M,2493,21552,4.379523942
315,M,1793,17251,5.471421947
316,M,310,12872,7.332776569
317,M,2129,18610,5.071869962
318,M,79,11517,8.195493618
319,M,1037,15111,6.246277546
320,F,1675,16911,5.581426291
321,F,648,14005,6.739557301
322,F,1743,17109,5.516833246
323,M,905,14744,6.401756647
324,F,260,12618,7.480385164
325,F,680,14082,6.702705582
326,F,2220,19084,4.945897087
327,F,1880,17545,5.379737817
328,M,241,12564,7.512535817
329,F,399,13244,7.126812141
330,M,2372,20075,4.701743462
331,M,542,13720,6.879555394
332,M,259,12614,7.482757254
333,M,1827,17355,5.438634399
334,M,267,12650,7.461462451
335,M,904,14741,6.403059494
336,M,52,11037,8.551916282
337,M,956,14892,6.338134569
338,M,1961,17915,5.26862964
339,M,1439,16240,5.812038177
340,M,326,12949,7.289172909
341,M,2353,19915,4.739517951
342,M,2371,20073,4.702211926
343,M,2406,20338,4.640943062
344,M,17,10367,9.104610784
345,M,2425,20415,4.623438648
346,M,2407,20341,4.640258591
347,F,1116,15314,6.163477863
348,F,1470,16343,5.775408432
349,F,294,12804,7.371719775
350,F,1423,16207,5.823872401
351,F,2148,18699,5.047729825
352,M,1533,16538,5.707310437
353,F,2270,19395,4.866589327
354,F,2363,20011,4.716780771
355,F,329,12960,7.282986111
356,F,451,13436,7.024970229
357,F,1585,16643,5.671303251
358,M,2477,21032,4.487804298
359,F,682,14084,6.701753763
360,M,717,14187,6.653097907
361,M,1326,15923,5.927746028
362,M,1066,15186,6.215428684
363,F,814,14432,6.540153825
364,F,2276,19462,4.849835577
365,M,2216,19079,4.947193249
366,M,2135,18642,5.063163824
367,M,2018,18137,5.204140707
368,F,576,13822,6.82878744
369,F,1799,17269,5.465718918
370,F,1695,16974,5.560710498
371,F,1715,17021,5.545355737
372,F,1222,15605,6.048542134
373,F,2192,18981,4.972735894
374,F,1270,15767,5.986395636
375,F,2281,19486,4.84386226
376,F,847,14530,6.49604267
377,F,2234,19172,4.923195285
378,F,988,14983,6.299639592
379,F,578,13827,6.826318073
380,F,114,11838,7.973264065
381,F,1851,17430,5.415232358
382,F,1927,17764,5.313414771
383,F,1738,17098,5.520382501
384,F,1559,16583,5.691822951
385,F,1347,15980,5.906602003
386,F,798,14381,6.563347472
387,F,243,12572,7.507755329
388,F,1777,17195,5.489241058
389,M,2484,21280,4.43550282
390,F,2364,20026,4.713247778
391,M,985,14974,6.303425938
392,M,1262,15756,5.990575019
393,M,1193,15527,6.07892703
394,M,1621,16765,5.630032806
395,F,2269,19394,4.86684026
396,F,1396,16124,5.853851402
397,F,1840,17398,5.425192551
398,F,1344,15978,5.907341344
399,F,1537,16554,5.701794128
400,F,749,14244,6.626474305
401,F,944,14853,6.354776813
402,F,981,14958,6.310168472
403,F,1934,17784,5.307439271
404,M,1117,15320,6.161063969
405,F,400,13249,7.124122575
406,M,1238,15651,6.030764807
407,M,1784,17224,5.479998839
408,M,7,9870,9.563069909
409,M,1507,16463,5.733311061
410,M,217,12487,7.558861216
411,F,1652,16864,5.596981736
412,M,702,14131,6.679463591
413,M,2227,19125,4.935294118
414,M,1277,15789,5.978054342
415,M,341,12988,7.267285186
416,M,592,13875,6.802702703
417,M,2497,22012,4.288001999
418,M,2398,20285,4.65306877
419,F,606,13906,6.787537753
420,F,1495,16439,5.741681367
421,F,1169,15452,6.108432565
422,M,2031,18193,5.188121805
423,F,882,14652,6.441953317
424,F,2343,19871,4.750012581
425,F,1046,15133,6.237196855
426,F,1225,15611,6.046217411
427,F,448,13425,7.030726257
428,F,1755,17131,5.509748409
429,M,2412,20366,4.634562506
430,M,1055,15152,6.22937566
431,M,1173,15463,6.104087176
432,M,1359,16037,5.885608281
433,F,1563,16592,5.688735535
434,M,2219,19079,4.947193249
435,M,2348,19891,4.745236539
436,M,1783,17217,5.482226869
437,M,631,13962,6.760313709
438,M,1511,16472,5.730178485
439,M,374,13133,7.187047895
440,M,10,10072,9.371276807
441,M,1569,16601,5.685651467
442,M,439,13398,7.04489476
443,M,210,12469,7.569773037
444,M,62,11237,8.399706327
445,M,672,14066,6.710329873
446,M,493,13570,6.95560059
447,M,1676,16911,5.581426291
448,M,290,12800,7.374023438
449,F,2280,19483,4.84460812
450,M,1185,15503,6.088337741
451,M,656,14020,6.732346648
452,M,1023,15083,6.257873102
453,M,2214,19072,4.949009018
454,M,257,12610,7.485130849
455,F,775,14324,6.589465233
456,F,961,14910,6.330482897
457,F,2207,19023,4.961756821
458,F,2236,19178,4.921655021
459,F,1924,17754,5.31640757
460,F,1087,15226,6.199100223
461,F,859,14579,6.474209479
462,F,1500,16454,5.736447065
463,F,2264,19362,4.874883793
464,F,447,13422,7.03229772
465,F,2011,18118,5.20959819
466,F,1593,16671,5.661777938
467,F,494,13579,6.9509905
468,M,2347,19885,4.746668343
469,M,2317,19717,4.787112644
470,M,1215,15593,6.053196947
471,M,409,13285,7.104817463
472,M,1982,17974,5.251335262
473,M,152,12146,7.771076898
474,M,178,12302,7.672532921
475,M,93,11640,8.108891753
476,M,1696,16975,5.560382916
477,M,2449,20579,4.586593129
478,M,1682,16927,5.576150529
479,M,165,12222,7.72275405
480,M,949,14870,6.347511769
481,M,194,12382,7.622960749
482,M,264,12640,7.467365506
483,M,1445,16255,5.806674869
484,M,1541,16557,5.700761007
485,M,2210,19043,4.956545712
486,M,440,13401,7.043317663
487,M,1517,16488,5.724617904
488,F,2415,20383,4.63069715
489,F,2367,20038,4.710425192
490,F,2215,19074,4.948490091
491,F,1814,17316,5.450883576
492,F,565,13783,6.848109991
493,F,1362,16040,5.884507481
494,F,2329,19797,4.767767844
495,F,2401,20307,4.648027774
496,F,1795,17258,5.469202689
497,M,1780,17198,5.488283521
498,M,2165,18830,5.012612852
499,M,998,15009,6.288726764
500,M,990,14986,6.298378487
501,M,538,13706,6.886582519
502,M,871,14608,6.461356791
503,F,2436,20512,4.601574688
504,M,528,13673,6.903203394
505,M,1129,15348,6.149824081
506,F,131,11984,7.876126502
507,F,2256,19308,4.888517713
508,M,363,13077,7.217825189
509,F,248,12591,7.496426019
510,M,306,12863,7.337907176
511,M,609,13912,6.784610408
512,M,2183,18953,4.980082309
513,M,2087,18411,5.126690565
514,M,1663,16888,5.589027712
515,F,1612,16733,5.640799618
516,F,1208,15565,6.064086091
517,F,1114,15303,6.167908253
518,F,1232,15638,6.035778233
519,F,1993,18014,5.239674697
520,F,1516,16485,5.725659691
521,F,2250,19254,4.902228108
522,F,1751,17120,5.513288551
523,F,1625,16782,5.624329639
524,M,1809,17292,5.458448994
525,M,1395,16118,5.856030525
526,M,885,14661,6.437998772
527,M,1252,15705,6.010028653
528,M,2001,18064,5.225171612
529,M,196,12387,7.619883749
530,M,1005,15023,6.282866272
531,F,2277,19465,4.849088107
532,F,1843,17407,5.422387545
533,F,2116,18538,5.09156867
534,F,1950,17867,5.282783903
535,F,1820,17330,5.446480092
536,M,1038,15113,6.245450936
537,F,1148,15399,6.129456458
538,M,588,13850,6.814981949
539,M,1168,15451,6.108827908
540,M,1897,17669,5.341983134
541,M,271,12664,7.453213834
542,F,2094,18438,5.119183209
543,F,1603,16702,5.651269309
544,M,835,14497,6.510829827
545,F,980,14956,6.311012303
546,M,1009,15029,6.280357975
547,M,214,12484,7.560677667
548,M,458,13463,7.010881676
549,M,303,12837,7.352769339
550,M,1575,16614,5.6812026
551,M,483,13548,6.966895483
552,M,1430,16226,5.817052878
553,M,1063,15182,6.217066263
554,M,261,12625,7.476237624
555,M,563,13779,6.850097975
556,M,1595,16672,5.66143834
557,M,403,13263,7.116602579
558,M,476,13523,6.979775198
559,M,2408,20346,4.639118254
560,M,314,12895,7.319697557
561,M,1363,16041,5.88414064
562,M,40,10869,8.684101573
563,M,1721,17028,5.54307611
564,M,1014,15040,6.275764628
565,M,159,12172,7.754477489
566,M,193,12381,7.623576448
567,M,1149,15399,6.129456458
568,M,1039,15115,6.244624545
569,F,1991,17995,5.245207002
570,F,1380,16095,5.864398882
571,F,456,13447,7.019223619
572,F,925,14808,6.374088331
573,F,1944,17830,5.293746495
574,F,692,14100,6.694148936
575,F,1977,17958,5.256014033
576,M,1125,15344,6.151427268
577,M,225,12514,7.542552341
578,M,18,10499,8.990141918
579,M,1417,16189,5.830347767
580,M,1614,16737,5.639451515
581,M,1436,16236,5.813470067
582,M,953,14887,6.340263317
583,M,1999,18041,5.231833047
584,M,2427,20445,4.616654439
585,M,1475,16346,5.774348464
586,M,1796,17259,5.468885799
587,M,1521,16514,5.715604941
588,M,73,11474,8.226207077
589,M,1307,15868,5.94829216
590,M,1745,17110,5.516510812
591,M,4,9485,9.951238798
592,M,308,12864,7.337336754
593,M,1465,16321,5.783193432
594,M,430,13348,7.071284088
595,M,845,14517,6.501859888
596,M,727,14202,6.646070976
597,M,1074,15202,6.208886989
598,M,667,14057,6.714626165
599,M,1047,15133,6.237196855
600,M,1556,16577,5.693883091
601,M,2092,18427,5.122239106
602,M,2488,21366,4.417649537
603,M,819,14449,6.532458994
604,M,1415,16183,5.832509423
605,M,1865,17483,5.398815993
606,M,643,13994,6.744854938
607,M,1048,15134,6.236784723
608,M,479,13540,6.971011817
609,M,1491,16416,5.749725877
610,M,186,12359,7.637147018
611,M,971,14925,6.324120603
612,M,1050,15134,6.236784723
613,M,1872,17527,5.385262737
614,M,2451,20597,4.582584842
615,M,2162,18816,5.016342474
616,M,1398,16125,5.853488372
617,M,2288,19522,4.834929823
618,M,223,12504,7.548584453
619,M,277,12724,7.418068218
620,M,110,11770,8.019328802
621,M,1899,17677,5.339565537
622,M,1336,15957,5.915115623
623,M,254,12604,7.488694065
624,M,320,12935,7.297062234
625,M,287,12780,7.38556338
626,M,1030,15099,6.251241804
627,M,1577,16618,5.679835119
628,M,134,11995,7.86890371
629,M,724,14196,6.648879966
630,M,1411,16175,5.835394127
631,F,1493,16428,5.745525931
632,M,788,14352,6.576609532
633,M,415,13308,7.092538323
634,M,2167,18838,5.010484128
635,F,2051,18265,5.167670408
636,F,2130,18610,5.071869962
637,F,1312,15888,5.940804381
638,F,1904,17693,5.334736902
639,M,2237,19182,4.920628714
640,F,1910,17711,5.329315115
641,M,1558,16581,5.692509499
642,M,1960,17911,5.269806264
643,M,1922,17747,5.318504536
644,M,1861,17465,5.404380189
645,M,1321,15910,5.932589566
646,M,2467,20753,4.548137619
647,M,2104,18493,5.103958254
648,M,1433,16230,5.815619224
649,M,1896,17668,5.342285488
650,M,1447,16260,5.804889299
651,F,1762,17151,5.503323421
652,M,490,13562,6.959703584
653,M,1283,15822,5.965585893
654,M,2389,20217,4.668719395
655,M,1154,15429,6.117538402
656,F,1425,16211,5.822435383
657,F,900,14733,6.406536347
658,F,1182,15493,6.092267476
659,F,541,13720,6.879555394
660,F,1839,17398,5.425192551
661,F,1905,17695,5.334133936
662,M,1867,17500,5.393571429
663,M,704,14135,6.677573399
664,F,2151,18728,5.039913499
665,M,1482,16380,5.762362637
666,M,1391,16105,5.860757529
667,F,1903,17691,5.335340003
668,M,433,13358,7.065990418
669,M,644,13995,6.74437299
670,M,989,14983,6.299639592
671,M,1171,15460,6.105271669
672,M,1007,15028,6.280775885
673,M,1247,15693,6.014624355
674,M,27,10651,8.861843958
675,M,118,11911,7.924397616
676,M,1552,16569,5.696632265
677,M,190,12375,7.627272727
678,M,792,14363,6.571572791
679,M,2113,18530,5.093766865
680,M,684,14085,6.701277955
681,M,999,15009,6.288726764
682,M,2319,19728,4.784443431
683,M,804,14394,6.557419758
684,M,142,12040,7.839493355
685,F,2495,21973,4.295612798
686,M,221,12497,7.552812675
687,M,1175,15468,6.102114042
688,M,2464,20701,4.55956234
689,M,280,12736,7.411078832
690,F,520,13635,6.922442244
691,M,883,14655,6.440634596
692,M,203,12424,7.597190921
693,M,1941,17816,5.297906376
694,M,2119,18556,5.086629662
695,M,22,10563,8.935671684
696,M,1083,15221,6.201136588
697,M,2267,19385,4.869099819
698,M,966,14919,6.326663986
699,F,1082,15216,6.20317429
700,F,1767,17168,5.497873952
701,F,1726,17056,5.533976313
702,F,293,12803,7.372295556
703,F,1572,16610,5.682570741
704,F,2369,20070,4.702914798
705,F,810,14426,6.542873978
706,F,46,10935,8.631687243
707,F,1026,15091,6.254555695
708,F,1080,15215,6.203581991
709,F,2054,18275,5.164842681
710,F,268,12650,7.461462451
711,F,2463,20687,4.56264804
712,F,2156,18785,5.024620708
713,F,1100,15266,6.18285733
714,F,2350,19908,4.741184448
715,F,796,14377,6.565173541
716,F,2357,19938,4.734050557
717,M,2450,20581,4.586147418
718,M,1920,17739,5.320903095
719,M,2249,19252,4.902737378
720,M,1704,16992,5.554819915
721,F,2263,19355,4.876646861
722,F,2332,19805,4.765841959
723,F,2101,18459,5.113359337
724,F,605,13906,6.787537753
725,F,284,12766,7.393662854
726,F,1365,16049,5.881207552
727,F,2033,18204,5.184986816
728,F,1057,15164,6.224446056
729,F,1790,17242,5.474277926
730,M,809,14422,6.54468867
731,F,1523,16517,5.71456681
732,M,1178,15484,6.095808577
733,M,1616,16742,5.637767292
734,M,149,12116,7.790318587
735,M,1464,16321,5.783193432
736,M,453,13444,7.020789943
737,M,955,14891,6.338560204
738,M,2345,19881,4.747623359
739,M,986,14975,6.303005008
740,M,879,14642,6.446352957
741,M,316,12905,7.314025571
742,M,1856,17453,5.408096029
743,M,596,13888,6.796334965
744,M,176,12299,7.674404423
745,M,1765,17162,5.499796061
746,M,1352,15996,5.900693923
747,M,530,13674,6.902698552
748,M,67,11412,8.270899054
749,M,2294,19555,4.826770647
750,F,2029,18184,5.190689617
751,F,2351,19912,4.740232021
752,F,2108,18512,5.098719749
753,M,2024,18164,5.196404977
754,M,1459,16297,5.791710131
755,M,1297,15844,5.957302449
756,M,1837,17396,5.42581628
757,M,1218,15599,6.050868645
758,M,2356,19926,4.736901536
759,F,1084,15221,6.201136588
760,F,1686,16941,5.571542412
761,F,414,13307,7.093071316
762,F,418,13314,7.089342046
763,F,1821,17333,5.445537414
764,F,733,14209,6.642796819
765,F,1366,16049,5.881207552
766,F,1342,15976,5.908080871
767,F,1705,16992,5.554819915
768,F,1802,17273,5.464453193
769,F,2238,19193,4.917808576
770,F,2262,19351,4.877654902
771,F,2455,20615,4.578583556
772,F,2282,19488,4.843365148
773,M,2481,21128,4.467412912
774,M,191,12378,7.62542414
775,M,1701,16987,5.556454936
776,M,5,9583,9.849473025
777,F,253,12603,7.489288265
778,M,1648,16855,5.599970335
779,F,1723,17034,5.541123635
780,F,1186,15503,6.088337741
781,M,358,13063,7.225560744
782,M,1236,15645,6.033077661
783,M,725,14198,6.647943372
784,M,715,14180,6.656382228
785,F,597,13891,6.79486718
786,F,2184,18954,4.979819563
787,F,807,14413,6.548775411
788,M,1670,16900,5.585059172
789,M,445,13419,7.033869886
790,M,202,12420,7.599637681
791,M,721,14189,6.652160124
792,M,361,13072,7.220585985
793,M,1110,15297,6.170327515
794,F,1246,15679,6.019994898
795,F,1786,17230,5.47809054
796,F,2442,20545,4.5941835
797,F,1431,16227,5.816694398
798,F,2379,20121,4.690994483
799,M,359,13065,7.22445465
800,M,1191,15515,6.083628746
801,M,2483,21208,4.450561109
802,M,783,14345,6.579818752
803,M,639,13990,6.746783417
804,M,562,13777,6.8510924
805,M,499,13588,6.946386518
806,M,2170,18852,5.006763208
807,M,1754,17131,5.509748409
808,M,2413,20376,4.632287986
809,F,2498,22043,4.281971601
810,M,992,15000,6.2925
811,F,909,14757,6.396117097
812,M,154,12160,7.762129934
813,F,2452,20607,4.580361042
814,M,1706,16994,5.554166176
815,M,2107,18510,5.099270665
816,M,1207,15562,6.065255109
817,M,897,14726,6.409581692
818,M,251,12600,7.491071429
819,M,1718,17025,5.544052863
820,M,1657,16882,5.591014098
821,M,769,14297,6.601909492
822,M,54,11047,8.544174889
823,M,1981,17974,5.251335262
824,M,1096,15256,6.186910068
825,M,1509,16467,5.731918382
826,M,281,12738,7.409915214
827,F,1766,17166,5.498514505
828,M,767,14291,6.604681268
829,M,486,13555,6.963297676
830,F,2315,19715,4.787598275
831,M,545,13731,6.874044134
832,M,693,14102,6.693199546
833,M,296,12812,7.367116766
834,M,55,11072,8.524882587
835,M,1330,15940,5.92142409
836,M,338,12978,7.272884882
837,M,471,13509,6.987008661
838,M,133,11991,7.871528646
839,M,1748,17115,5.514899211
840,M,677,14079,6.704133816
841,M,1338,15973,5.909190509
842,M,2199,18996,4.968809223
843,M,1736,17088,5.523613062
844,M,744,14234,6.631129689
845,M,226,12517,7.540744587
846,M,170,12239,7.712027126
847,F,2073,18358,5.141491448
848,F,1483,16384,5.760955811
849,F,2218,19079,4.947193249
850,F,1681,16925,5.576809453
851,M,151,12135,7.778121137
852,M,1842,17403,5.423633856
853,M,2017,18136,5.204427658
854,F,1460,16301,5.790288939
855,F,611,13915,6.783147682
856,M,723,14193,6.650285352
857,M,978,14955,6.311434303
858,M,832,14486,6.515773851
859,M,1189,15509,6.085982333
860,M,331,12964,7.280738969
861,M,386,13194,7.153819918
862,M,65,11334,8.327818952
863,M,1132,15354,6.147420868
864,M,514,13627,6.926506201
865,M,1672,16908,5.582416608
866,M,881,14644,6.445472548
867,M,1108,15293,6.171941411
868,M,790,14361,6.572487988
869,M,1345,15978,5.907341344
870,M,2124,18591,5.077053413
871,M,1967,17936,5.262460972
872,F,495,13583,6.948943532
873,F,840,14504,6.507687534
874,M,2286,19512,4.837407749
875,M,1889,17593,5.365059967
876,F,2079,18372,5.137573481
877,M,2486,21286,4.43425256
878,F,147,12097,7.802554352
879,F,1519,16500,5.720454545
880,F,474,13519,6.981840373
881,F,177,12300,7.673780488
882,M,2373,20076,4.701509265
883,F,2355,19926,4.736901536
884,M,2016,18130,5.206150028
885,M,461,13472,7.00619804
886,M,1002,15018,6.28495805
887,M,1849,17429,5.41554306
888,F,2470,20869,4.522856869
889,F,1864,17470,5.402833429
890,F,1027,15092,6.254141267
891,F,1807,17289,5.459396148
892,F,1068,15190,6.213791968
893,F,1122,15337,6.154234857
894,F,2076,18369,5.138412543
895,F,2141,18670,5.055570434
896,F,1534,16540,5.706620314
897,F,888,14672,6.433172028
898,F,549,13736,6.871541934
899,F,1350,15993,5.901800788
900,M,397,13239,7.129503739
901,M,188,12365,7.633441165
902,M,931,14824,6.367208581
903,M,2466,20749,4.54901441
904,M,1205,15558,6.066814501
905,M,748,14240,6.628335674
906,M,940,14846,6.357773138
907,M,1992,18010,5.240838423
908,F,720,14189,6.652160124
909,F,1906,17698,5.333229743
910,F,2365,20030,4.71230654
911,F,1863,17470,5.402833429
912,F,1408,16160,5.840810644
913,M,2252,19289,4.893332988
914,M,619,13931,6.775357117
915,F,1817,17325,5.448051948
916,M,1016,15058,6.268262717
917,M,262,12625,7.476237624
918,M,534,13689,6.89513478
919,M,98,11691,8.073518091
920,M,365,13101,7.204602702
921,F,1064,15185,6.215837998
922,F,548,13733,6.873043035
923,F,398,13241,7.128426856
924,M,1426,16215,5.820999075
925,M,1249,15699,6.012325626
926,M,2154,18752,5.033463097
927,M,323,12942,7.293115438
928,F,330,12964,7.280738969
929,F,390,13208,7.146237129
930,M,2305,19648,4.803924064
931,M,1687,16947,5.569569835
932,M,2004,18079,5.220836329
933,M,137,12019,7.853190781
934,M,590,13857,6.811539294
935,M,108,11763,8.024100995
936,F,2354,19916,4.739279976
937,F,1360,16039,5.884874369
938,F,181,12341,7.6482862
939,F,1557,16580,5.692852835
940,M,593,13879,6.800742128
941,M,1372,16069,5.87388761
942,M,817,14440,6.536530471
943,M,577,13825,6.827305606
944,F,1184,15501,6.089123282
945,F,1543,16559,5.700072468
946,F,2202,19005,4.966456196
947,F,276,12700,7.432086614
948,M,598,13892,6.794378059
949,M,162,12209,7.730977148
950,F,2056,18281,5.16314753
951,M,2233,19170,4.92370892
952,M,1409,16161,5.84044923
953,F,1551,16569,5.696632265
954,M,753,14263,6.617647059
955,F,2328,19796,4.768008689
956,M,116,11850,7.965189873
957,M,1285,15824,5.964831901
958,M,927,14811,6.372797245
959,M,1397,16124,5.853851402
960,M,3,9451,9.987038409
961,M,637,13989,6.747265709
962,M,2295,19565,4.824303603
963,M,1592,16671,5.661777938
964,M,258,12612,7.483943863
965,M,1017,15063,6.266182035
966,M,1808,17290,5.459080393
967,M,1852,17430,5.415232358
968,M,322,12940,7.294242658
969,M,1133,15354,6.147420868
970,M,1290,15828,5.963324488
971,M,2492,21535,4.382981193
972,M,2240,19204,4.914991668
973,M,1733,17079,5.526523801
974,M,285,12767,7.393083731
975,M,407,13272,7.111776673
976,M,72,11473,8.226924083
977,F,1797,17260,5.468568946
978,F,1998,18039,5.232413105
979,F,2045,18241,5.174469601
980,M,1980,17971,5.252211897
981,F,377,13140,7.183219178
982,F,857,14564,6.480877506
983,F,1485,16386,5.760252655
984,F,2182,18940,4.983500528
985,F,679,14079,6.704133816
986,F,1699,16980,5.558745583
987,M,454,13445,7.020267758
988,M,1685,16940,5.571871311
989,M,673,14067,6.709852847
990,M,1073,15201,6.209295441
991,M,132,11990,7.872185154
992,M,1040,15119,6.242972419
993,M,1946,17858,5.285446299
994,M,2376,20090,4.698232952
995,M,2247,19229,4.908601591
996,M,829,14482,6.51757354
997,M,2147,18699,5.047729825
998,M,1937,17795,5.304158471
999,M,1576,16616,5.680518777
1000,M,947,14867,6.348792628
1001,M,1892,17644,5.349552256
1002,M,740,14222,6.636724793
1003,M,651,14011,6.736671187
1004,M,2308,19658,4.801480313
1005,M,718,14187,6.653097907
1006,M,952,14886,6.340689238
1007,M,1239,15651,6.030764807
1008,M,1987,17987,5.24753989
1009,M,1444,16255,5.806674869
1010,M,2268,19391,4.867593213
1011,M,1086,15223,6.200321881
1012,M,502,13604,6.938216701
1013,M,2462,20678,4.56463391
1014,M,734,14210,6.642329346
1015,M,1508,16465,5.732614637
1016,M,1476,16349,5.773288886
1017,F,732,14208,6.643264358
1018,M,617,13930,6.775843503
1019,F,2388,20189,4.675194413
1020,F,2071,18356,5.142051645
1021,F,1778,17196,5.488921842
1022,F,2246,19229,4.908601591
1023,M,2416,20384,4.630469976
1024,M,2225,19117,4.937359418
1025,M,2432,20496,4.605166862
1026,M,519,13635,6.922442244
1027,M,1293,15832,5.961817837
1028,M,655,14018,6.733307176
1029,M,913,14771,6.390054837
1030,M,1384,16098,5.863306001
1031,M,858,14565,6.480432544
1032,M,332,12967,7.279054523
1033,M,1581,16634,5.674371769
1034,F,1972,17945,5.259821677
1035,F,2174,18882,4.998808389
1036,F,1632,16802,5.617634805
1037,F,340,12981,7.271204067
1038,F,1859,17459,5.406237471
1039,F,1358,16022,5.891118462
1040,F,1513,16475,5.729135053
1041,F,1923,17754,5.31640757
1042,F,1659,16884,5.590351812
1043,F,1829,17368,5.434563565
1044,F,2025,18167,5.195546871
1045,F,671,14066,6.710329873
1046,F,1708,17003,5.551226254
1047,F,1645,16846,5.602962128
1048,F,513,13626,6.927014531
1049,F,1392,16106,5.860393642
1050,F,714,14179,6.656851682
1051,F,1335,15954,5.916227905
1052,F,1400,16135,5.849860552
1053,F,891,14680,6.429666213
1054,F,2060,18319,5.15243736
1055,F,2196,18990,4.970379147
1056,F,1331,15942,5.920681219
1057,F,1936,17789,5.305947496
1058,F,1871,17517,5.388337044
1059,F,2314,19693,4.792946732
1060,F,85,11574,8.155132193
1061,F,777,14325,6.589005236
1062,F,2047,18243,5.173902319
1063,F,910,14766,6.39221861
1064,F,616,13928,6.776816485
1065,F,2128,18602,5.074051177
1066,F,318,12924,7.303272981
1067,F,1529,16527,5.711109094
1068,M,1015,15050,6.271594684
1069,M,2171,18857,5.005435647
1070,M,2126,18594,5.076234269
1071,M,1549,16567,5.697319973
1072,M,960,14902,6.333881358
1073,M,1975,17951,5.258063618
1074,M,1812,17304,5.454663662
1075,M,2341,19850,4.755037783
1076,M,30,10700,8.821261682
1077,M,1467,16327,5.781068169
1078,M,583,13847,6.816458439
1079,M,647,14003,6.740519889
1080,F,1113,15302,6.168311332
1081,F,2324,19756,4.777662482
1082,F,1804,17281,5.4619235
1083,F,1639,16830,5.60828877
1084,F,1995,18016,5.239093028
1085,F,504,13606,6.937196825
1086,F,746,14236,6.630198089
1087,F,1779,17198,5.488283521
1088,F,1294,15832,5.961817837
1089,F,2206,19023,4.961756821
1090,F,1155,15429,6.117538402
1091,F,1170,15457,6.106456622
1092,F,1373,16077,5.870964732
1093,M,2211,19054,4.953684266
1094,F,726,14201,6.646538976
1095,F,350,13033,7.242192895
1096,F,1629,16800,5.618303571
1097,F,1316,15899,5.936694132
1098,F,1989,17991,5.246373187
1099,F,2159,18798,5.021145867
1100,M,2323,19748,4.779597934
1101,M,2390,20222,4.667565028
1102,M,2259,19336,4.881438767
1103,M,875,14628,6.452522559
1104,M,1343,15977,5.907711085
1105,M,1689,16950,5.568584071
1106,M,852,14548,6.488005224
1107,M,357,13061,7.226667177
1108,M,104,11754,8.030245023
1109,M,370,13116,7.19636322
1110,F,1029,15098,6.251655848
1111,F,275,12692,7.436771194
1112,F,1986,17981,5.249290918
1113,F,1560,16589,5.689764302
1114,F,902,14740,6.403493894
1115,M,1161,15435,6.11516035
1116,M,954,14888,6.339837453
1117,M,408,13276,7.109633926
1118,M,1032,15102,6.25
1119,M,1855,17451,5.408715833
1120,M,1320,15910,5.932589566
1121,M,1012,15036,6.277434158
1122,M,2058,18308,5.1555331
1123,M,524,13668,6.905728709
1124,M,634,13981,6.751126529
1125,M,297,12822,7.361371081
1126,M,876,14628,6.452522559
1127,M,95,11662,8.093594581
1128,M,1375,16079,5.870234467
1129,M,540,13718,6.88055839
1130,M,2203,19017,4.963322291
1131,M,2318,19727,4.784685963
1132,M,2405,20337,4.641171264
1133,M,2360,19983,4.723389881
1134,M,633,13971,6.755958772
1135,M,2261,19348,4.878411205
1136,M,2292,19552,4.827511252
1137,M,462,13472,7.00619804
1138,M,48,10971,8.603363413
1139,M,603,13900,6.790467626
1140,M,2152,18742,5.036148757
1141,M,16,10326,9.140761185
1142,M,393,13229,7.134893038
1143,M,2000,18063,5.225460887
1144,M,155,12161,7.761491654
1145,M,1956,17896,5.27422329
1146,M,1337,15961,5.913633231
1147,M,1361,16039,5.884874369
1148,M,1000,15016,6.285795152
1149,M,736,14210,6.642329346
1150,M,2117,18544,5.089921268
1151,M,773,14322,6.590385421
1152,M,1174,15463,6.104087176
1153,M,1111,15298,6.169924173
1154,M,1969,17941,5.26099437
1155,M,1968,17938,5.261874233
1156,M,1242,15668,6.024221343
1157,M,1875,17535,5.382805817
1158,M,1613,16733,5.640799618
1159,M,824,14465,6.525233322
1160,M,912,14771,6.390054837
1161,M,169,12236,7.713917947
1162,M,1671,16905,5.583407276
1163,M,61,11221,8.411683451
1164,M,820,14449,6.532458994
1165,M,2209,19033,4.959149898
1166,M,614,13923,6.779250162
1167,M,2396,20254,4.66019058
1168,F,2334,19810,4.764639071
1169,M,1599,16692,5.654654925
1170,M,1264,15760,5.989054569
1171,M,2007,18092,5.217084899
1172,M,299,12830,7.356780982
1173,M,2048,18249,5.172201217
1174,M,1104,15274,6.17961896
1175,M,556,13761,6.859058208
1176,M,126,11966,7.88797426
1177,M,173,12254,7.70258691
1178,M,688,14093,6.697473923
1179,M,2279,19483,4.84460812
1180,M,1328,15937,5.922538746
1181,M,1973,17946,5.259528586
1182,M,1106,15277,6.178405446
1183,M,1606,16710,5.648563734
1184,M,839,14503,6.508136248
1185,M,274,12687,7.439702057
1186,M,657,14023,6.730906368
1187,M,2243,19209,4.913712322
1188,M,2479,21063,4.481199259
1189,M,487,13556,6.962784007
1190,M,1268,15764,5.98753489
1191,M,1399,16133,5.850585756
1192,M,968,14921,6.325815964
1193,F,1126,15346,6.15062557
1194,F,1198,15538,6.074623504
1195,M,574,13819,6.830269918
1196,M,755,14266,6.616255432
1197,M,1710,17009,5.549268035
1198,M,567,13791,6.844137481
1199,M,833,14493,6.512626785
1200,M,765,14289,6.605605711
1201,M,2275,19448,4.85332682
1202,M,102,11740,8.039821124
1203,M,1931,17771,5.311321816
1204,M,1156,15431,6.116745512
1205,M,1776,17187,5.491796125
1206,M,1921,17744,5.319403742
1207,M,1093,15243,6.192186577
1208,M,2439,20527,4.598212111
1209,M,1446,16257,5.805960509
1210,M,119,11913,7.923067237
1211,M,1095,15254,6.187721253
1212,M,1180,15489,6.09384079
1213,M,239,12558,7.516125179
1214,M,1355,16004,5.897744314
1215,M,2266,19383,4.869602229
1216,M,130,11982,7.877441162
1217,M,1442,16249,5.808819004
1218,M,554,13753,6.863048062
1219,M,2121,18569,5.083068555
1220,M,1276,15785,5.979569211
1221,M,2391,20223,4.667334223
1222,M,774,14323,6.589925295
1223,M,1707,17000,5.552205882
1224,M,628,13952,6.765159117
1225,M,343,12992,7.265047722
1226,M,37,10824,8.7202051
1227,M,1474,16346,5.774348464
1228,M,1514,16478,5.728092001
1229,M,2359,19972,4.725991388
1230,M,2418,20388,4.629561507
1231,M,2441,20539,4.595525585
1232,M,121,11924,7.915758135
1233,M,76,11504,8.204754868
1234,M,208,12462,7.574025036
1235,M,722,14189,6.652160124
1236,M,653,14013,6.735709698
1237,M,2084,18390,5.132544861
1238,F,2197,18994,4.969332421
1239,F,1752,17124,5.512000701
1240,F,1959,17909,5.270394774
1241,M,184,12354,7.64023798
1242,M,2458,20640,4.573037791
1243,M,1506,16462,5.733659337
1244,M,1194,15529,6.078144117
1245,M,2399,20292,4.651463631
1246,F,2274,19448,4.85332682
1247,F,1591,16662,5.664836154
1248,M,1590,16659,5.665856294
1249,F,1319,15906,5.934081479
1250,F,930,14820,6.368927126
1251,F,1756,17131,5.509748409
1252,F,2273,19400,4.865335052
1253,F,1253,15707,6.009263386
1254,F,838,14501,6.50903386
1255,F,246,12580,7.502980922
1256,F,1794,17255,5.470153579
1257,F,2003,18074,5.222280624
1258,F,1641,16833,5.607289253
1259,F,2392,20231,4.665488607
1260,M,1305,15860,5.95129256
1261,M,1195,15532,6.076970126
1262,F,705,14147,6.671909239
1263,M,1024,15090,6.254970179
1264,M,249,12598,7.492260676
1265,M,1870,17506,5.391722838
1266,M,1301,15853,5.953920394
1267,M,64,11311,8.344752895
1268,M,157,12163,7.760215407
1269,M,1487,16391,5.758495516
1270,M,629,13956,6.76322012
1271,M,26,10648,8.864340721
1272,M,2163,18819,5.015542802
1273,F,1760,17143,5.505891618
1274,F,1203,15553,6.068764869
1275,F,2490,21482,4.393794805
1276,F,1274,15784,5.979948049
1277,F,750,14245,6.626009126
1278,F,2093,18427,5.122239106
1279,F,604,13900,6.790467626
1280,F,2013,18127,5.20701164
1281,F,2304,19648,4.803924064
1282,F,1757,17132,5.509426804
1283,F,2072,18358,5.141491448
1284,F,1505,16461,5.734007654
1285,F,2248,19236,4.906815346
1286,F,2081,18376,5.136455159
1287,F,1510,16468,5.731570318
1288,F,2489,21453,4.399734303
1289,F,2330,19799,4.767286227
1290,F,1018,15064,6.265766065
1291,F,1800,17269,5.465718918
1292,F,2285,19491,4.842619671
1293,F,1583,16640,5.672325721
1294,F,1200,15541,6.073450872
1295,F,360,13071,7.221138398
1296,F,1257,15730,6.000476796
1297,F,507,13610,6.935157972
1298,F,1667,16895,5.586712045
1299,F,2180,18927,4.986923443
1300,F,2433,20497,4.604942187
1301,F,1150,15410,6.125081116
1302,F,2299,19618,4.811270262
1303,F,1196,15533,6.076578897
1304,F,410,13290,7.10214447
1305,F,1564,16592,5.688735535
1306,F,1243,15670,6.023452457
1307,F,1258,15735,5.998570067
1308,F,2193,18983,4.972211979
1309,F,1798,17264,5.4673019
1310,F,1303,15855,5.953169347
1311,F,1006,15024,6.282448083
1312,F,1448,16261,5.804532317
1313,F,2012,18124,5.207873538
1314,F,2424,20414,4.623665132
1315,F,975,14941,6.317348236
1316,F,1427,16219,5.819563475
1317,F,1693,16969,5.562348989
1318,F,1893,17656,5.345916402
1319,F,2172,18859,5.00490482
1320,F,1061,15180,6.217885375
1321,F,2134,18633,5.065609403
1322,F,1315,15896,5.937814545
1323,F,1966,17933,5.263341326
1324,F,78,11517,8.195493618
1325,F,1518,16500,5.720454545
1326,F,2422,20413,4.623891638
1327,F,2006,18091,5.21737328
1328,F,1478,16369,5.766234956
1329,F,2157,18786,5.024353242
1330,F,1628,16795,5.619976183
1331,F,288,12785,7.38267501
1332,F,1183,15500,6.089516129
1333,F,1103,15271,6.180832951
1334,F,1348,15980,5.906602003
1335,F,298,12828,7.35792797
1336,F,49,11002,8.579121978
1337,F,1650,16862,5.597645594
1338,F,1060,15175,6.219934102
1339,F,1164,15444,6.111596737
1340,F,2015,18130,5.206150028
1341,F,337,12975,7.274566474
1342,F,1022,15081,6.258703004
1343,F,1862,17469,5.40314271
1344,F,1963,17919,5.267453541
1345,F,735,14210,6.642329346
1346,M,2043,18240,5.174753289
1347,M,1332,15942,5.920681219
1348,M,300,12832,7.355634352
1349,M,317,12922,7.304403343
1350,M,2229,19142,4.930911086
1351,M,1727,17056,5.533976313
1352,F,2352,19913,4.739993974
1353,F,2320,19731,4.78371598
1354,F,1588,16653,5.667897676
1355,F,1550,16568,5.696976099
1356,F,1219,15602,6.049705166
1357,F,526,13670,6.904718361
1358,F,2187,18963,4.977456099
1359,F,797,14381,6.563347472
1360,F,1709,17009,5.549268035
1361,F,676,14077,6.705086311
1362,F,1835,17393,5.426752142
1363,F,1984,17976,5.250751001
1364,F,1996,18035,5.233573607
1365,F,825,14469,6.523429401
1366,F,1988,17988,5.247248165
1367,F,2400,20298,4.650088679
1368,F,1289,15828,5.963324488
1369,F,951,14873,6.346231426
1370,M,2446,20572,4.588153801
1371,F,2443,20553,4.592395271
1372,M,934,14827,6.365920281
1373,F,1233,15641,6.034620549
1374,F,2186,18958,4.978768857
1375,M,2244,19213,4.912689325
1376,M,1418,16189,5.830347767
1377,M,2321,19737,4.782261742
1378,M,105,11754,8.030245023
1379,F,2034,18204,5.184986816
1380,F,1437,16237,5.813112028
1381,F,652,14012,6.736190408
1382,M,473,13517,6.982873419
1383,M,362,13072,7.220585985
1384,M,564,13783,6.848109991
1385,M,1378,16091,5.86585669
1386,M,406,13269,7.113384581
1387,M,1052,15147,6.231431967
1388,M,2289,19533,4.832207034
1389,M,252,12602,7.489882558
1390,M,2068,18348,5.144293656
1391,M,781,14337,6.58349027
1392,M,1273,15780,5.981463878
1393,M,2052,18266,5.167387496
1394,M,1579,16624,5.67778513
1395,M,517,13634,6.922949978
1396,M,928,14812,6.372367
1397,M,334,12974,7.275127177
1398,M,1041,15121,6.242146683
1399,M,1833,17384,5.429561666
1400,M,1536,16543,5.705585444
1401,F,826,14470,6.522978576
1402,M,1562,16591,5.689078416
1403,F,861,14580,6.473765432
1404,F,1853,17439,5.41243764
1405,F,1492,16417,5.749375647
1406,F,1377,16087,5.867315223
1407,F,1504,16460,5.734356015
1408,F,1181,15490,6.093447385
1409,F,2204,19018,4.96306131
1410,F,1955,17893,5.275107584
1411,F,2241,19206,4.91447985
1412,F,932,14825,6.366779089
1413,F,2456,20620,4.577473327
1414,F,2118,18548,5.088823593
1415,F,965,14919,6.326663986
1416,F,2382,20165,4.68075874
1417,M,2287,19512,4.837407749
1418,F,1119,15332,6.156241847
1419,F,1747,17114,5.515221456
1420,F,1770,17172,5.496593291
1421,M,1971,17943,5.260407959
1422,M,36,10807,8.733922458
1423,M,81,11546,8.174909059
1424,F,2310,19666,4.799527103
1425,M,1304,15859,5.951667823
1426,M,1282,15811,5.96973626
1427,F,1544,16559,5.700072468
1428,F,405,13267,7.114456923
1429,F,782,14339,6.582572006
1430,F,353,13048,7.233867259
1431,F,1323,15913,5.931471124
1432,F,915,14777,6.387460242
1433,F,1223,15608,6.047379549
1434,F,2430,20475,4.60989011
1435,F,1269,15766,5.986775339
1436,M,818,14449,6.532458994
1437,F,1878,17540,5.38127138
1438,F,2410,20358,4.636383731
1439,F,1630,16801,5.617969169
1440,M,9,10049,9.392725644
1441,M,421,13318,7.087212795
1442,M,136,12017,7.854497795
1443,M,683,14085,6.701277955
1444,M,646,14000,6.741964286
1445,M,1775,17185,5.492435263
1446,M,1210,15575,6.060192616
1447,M,938,14832,6.363774272
1448,M,1354,16003,5.898112854
1449,F,325,12946,7.290862042
1450,F,738,14214,6.64046011
1451,F,668,14058,6.714148528
1452,M,1994,18016,5.239093028
1453,M,1477,16350,5.77293578
1454,M,2145,18693,5.049350024
1455,M,687,14093,6.697473923
1456,F,1145,15395,6.131049042
1457,F,2361,19987,4.722444589
1458,F,2149,18704,5.046380453
1459,F,2042,18238,5.175320759
1460,F,1847,17420,5.418340987
1461,F,1741,17103,5.518768637
1462,F,1658,16882,5.591014098
1463,F,164,12222,7.72275405
1464,F,2395,20252,4.6606508
1465,F,1637,16827,5.609288643
1466,F,242,12571,7.508352557
1467,F,1421,16190,5.829987647
1468,F,1135,15365,6.14301985
1469,F,1761,17143,5.505891618
1470,F,2022,18159,5.197835784
1471,F,2217,19079,4.947193249
1472,F,1845,17412,5.420830462
1473,F,1237,15648,6.031921012
1474,F,307,12863,7.337907176
1475,F,887,14671,6.433610524
1476,F,166,12225,7.720858896
1477,F,1561,16589,5.689764302
1478,F,1089,15229,6.197879047
1479,F,2070,18352,5.143172406
1480,F,198,12397,7.613737194
1481,F,1976,17958,5.256014033
1482,F,1791,17246,5.473008234
1483,F,378,13141,7.182672552
1484,M,1654,16868,5.595654494
1485,M,850,14542,6.490682162
1486,M,1310,15879,5.944171547
1487,F,1306,15867,5.948667045
1488,F,2448,20579,4.586593129
1489,F,2454,20615,4.578583556
1490,M,2325,19768,4.774762242
1491,M,529,13674,6.902698552
1492,F,354,13057,7.22888106
1493,F,1573,16612,5.681886588
1494,M,801,14385,6.561522419
1495,M,730,14203,6.645603042
1496,M,624,13941,6.770497095
1497,F,729,14203,6.645603042
1498,F,620,13933,6.774384555
1499,F,1416,16187,5.831068141
1500,M,339,12981,7.271204067
1501,F,1596,16674,5.660759266
1502,F,1530,16531,5.709727179
1503,F,836,14497,6.510829827
1504,F,669,14060,6.713193457
1505,F,86,11576,8.15372322
1506,F,1948,17865,5.283375315
1507,F,2120,18569,5.083068555
1508,F,1868,17503,5.392646975
1509,F,799,14381,6.563347472
1510,F,292,12803,7.372295556
1511,F,1078,15212,6.204805417
1512,F,1734,17087,5.523936326
1513,F,2394,20251,4.660880944
1514,F,701,14130,6.679936306
1515,F,2088,18414,5.125855327
1516,F,1618,16751,5.634738225
1517,F,435,13372,7.058592582
1518,F,558,13766,6.856566904
1519,F,892,14682,6.428790356
1520,M,555,13759,6.860055237
1521,F,1825,17345,5.441769963
1522,F,856,14563,6.48132253
1523,F,1546,16561,5.699384095
1524,F,2040,18224,5.179296532
1525,F,367,13106,7.201854113
1526,F,1136,15367,6.142220342
1527,F,1933,17776,5.309827858
1528,F,346,13005,7.257785467
1529,F,438,13397,7.045420617
1530,F,1912,17713,5.328713374
1531,F,943,14852,6.355204686
1532,M,731,14203,6.645603042
1533,F,1869,17505,5.392030848
1534,F,1214,15586,6.055915565
1535,M,117,11880,7.945075758
1536,F,1179,15489,6.09384079
1537,F,42,10925,8.639588101
1538,M,94,11640,8.108891753
1539,F,1008,15029,6.280357975
1540,M,1393,16109,5.859302253
1541,M,2205,19020,4.962539432
1542,M,1158,15433,6.115952828
1543,F,2150,18708,5.045301475
1544,M,2137,18650,5.060991957
1545,M,625,13941,6.770497095
1546,F,199,12406,7.608213768
1547,F,2387,20187,4.675657601
1548,F,2096,18444,5.117517892
1549,F,1202,15550,6.069935691
1550,F,2344,19872,4.749773551
1551,F,498,13588,6.946386518
1552,F,874,14625,6.453846154
1553,F,1846,17412,5.420830462
1554,F,623,13939,6.771468542
1555,F,449,13431,7.027585437
1556,F,1490,16415,5.75007615
1557,F,1221,15604,6.048929762
1558,F,2030,18192,5.188406992
1559,F,1943,17824,5.295528501
1560,F,2465,20713,4.556920774
1561,F,2109,18515,5.0978936
1562,F,691,14098,6.695098596
1563,F,2381,20148,4.68470816
1564,F,622,13936,6.772926234
1565,M,772,14317,6.592687015
1566,M,865,14598,6.465782984
1567,M,401,13253,7.121972384
1568,M,313,12884,7.325946911
1569,F,1454,16280,5.797757985
1570,F,2027,18172,5.194117323
1571,F,1679,16918,5.579116917
1572,F,2155,18767,5.029439974
1573,M,309,12871,7.333346282
1574,M,2300,19621,4.810534631
1575,M,1642,16834,5.60695616
1576,F,1890,17607,5.360794002
1577,F,219,12496,7.553417093
1578,F,536,13699,6.890101467
1579,F,492,13569,6.956113199
1580,F,2166,18832,5.012080501
1581,F,1666,16894,5.587042737
1582,F,2032,18202,5.185556532
1583,F,661,14035,6.725151407
1584,F,522,13642,6.918890192
1585,F,1151,15419,6.121505934
1586,F,345,12998,7.261694107
1587,F,1461,16311,5.78673901
1588,F,2191,18980,4.972997893
1589,F,1935,17785,5.307140849
1590,F,1075,15204,6.208070245
1591,F,446,13422,7.03229772
1592,F,2014,18130,5.206150028
1593,F,1251,15704,6.01041136
1594,F,1419,16190,5.829987647
1595,F,1764,17157,5.501398846
1596,F,1217,15598,6.051256571
1597,F,2143,18681,5.052593544
1598,M,213,12483,7.561283345
1599,M,789,14357,6.574319147
1600,M,851,14544,6.489789604
1601,M,236,12549,7.521515659
1602,M,1292,15831,5.962194429
1603,M,1978,17969,5.252796483
1604,M,544,13729,6.875045524
1605,M,484,13549,6.966381283
1606,M,1891,17634,5.352585914
1607,M,779,14335,6.58440879
1608,M,1455,16282,5.797045817
1609,M,2461,20676,4.56507545
1610,M,2429,20468,4.61146668
1611,M,512,13612,6.934138995
1612,M,1472,16345,5.774701744
1613,M,41,10903,8.657021003
1614,M,1823,17335,5.444909143
1615,M,2161,18812,5.017409101
1616,M,1638,16830,5.60828877
1617,M,1524,16517,5.71456681
1618,M,2485,21280,4.43550282
1619,M,754,14264,6.617183118
1620,M,174,12271,7.691915899
1621,M,685,14086,6.700802215
1622,M,503,13604,6.938216701
1623,M,1965,17929,5.264515589
1624,M,880,14643,6.445912723
1625,M,1429,16220,5.819204686
1626,M,1669,16897,5.586050778
1627,M,600,13895,6.792911119
1628,M,786,14351,6.5770678
1629,M,1356,16004,5.897744314
1630,M,2097,18444,5.117517892
1631,M,1346,15979,5.90697165
1632,F,20,10531,8.962824043
1633,M,87,11607,8.131946239
1634,M,109,11764,8.023418905
1635,M,658,14026,6.729466705
1636,M,756,14268,6.615328007
1637,M,1053,15148,6.231020597
1638,M,212,12483,7.561283345
1639,F,441,13407,7.040165585
1640,F,1434,16231,5.81526092
1641,F,1188,15509,6.085982333
1642,F,437,13383,7.052790854
1643,F,1134,15362,6.144219503
1644,F,739,14218,6.638591926
1645,F,2370,20070,4.702914798
1646,F,1888,17575,5.370554765
1647,F,1574,16614,5.6812026
1648,F,1503,16458,5.735052862
1649,M,917,14793,6.380551612
1650,M,1932,17772,5.311022957
1651,M,319,12930,7.299883991
1652,M,770,14301,6.600062933
1653,F,342,12990,7.266166282
1654,M,392,13216,7.14191132
1655,M,983,14966,6.306795403
1656,M,1349,15983,5.905493337
1657,M,771,14301,6.600062933
1658,M,295,12805,7.371144084
1659,M,47,10964,8.608856257
1660,M,1788,17233,5.477136889
1661,M,627,13944,6.769040448
1662,M,144,12063,7.824546133
1663,M,1680,16922,5.577798133
1664,M,698,14123,6.683247185
1665,M,946,14866,6.349219696
1666,M,59,11171,8.449333095
1667,M,525,13668,6.905728709
1668,M,469,13498,6.992702623
1669,M,216,12486,7.559466603
1670,M,491,13564,6.958677381
1671,M,1079,15214,6.203989746
1672,M,2089,18420,5.124185668
1673,M,278,12728,7.415736958
1674,M,139,12027,7.847967074
1675,M,2066,18341,5.14625702
1676,M,101,11716,8.056290543
1677,M,1450,16265,5.803104826
1678,M,1404,16148,5.845151102
1679,M,2404,20336,4.641399489
1680,M,595,13882,6.799272439
1681,M,2402,20309,4.647570043
1682,M,831,14483,6.517123524
1683,M,14,10223,9.232857283
1684,M,28,10684,8.834472108
1685,M,464,13475,7.004638219
1686,M,201,12407,7.607600548
1687,F,1227,15612,6.045830131
1688,M,1615,16740,5.63844086
1689,M,768,14295,6.602833158
1690,M,945,14864,6.350074004
1691,F,2178,18909,4.991670633
1692,M,68,11415,8.268725361
1693,M,34,10796,8.742821415
1694,M,2421,20410,4.624571289
1695,F,2496,21981,4.294049406
1696,F,1172,15462,6.104481956
1697,F,1873,17529,5.384648297
1698,F,1049,15134,6.236784723
1699,F,1836,17395,5.426128198
1700,F,1854,17440,5.412127294
1701,F,2366,20033,4.711600859
1702,F,2133,18624,5.068057345
1703,F,301,12834,7.354488079
1704,F,778,14329,6.587165887
1705,F,1230,15631,6.038481223
1706,F,429,13343,7.073933898
1707,F,742,14227,6.634392353
1708,F,1602,16699,5.652284568
1709,F,2019,18141,5.20299322
1710,F,2138,18654,5.059906722
1711,F,1458,16296,5.792065538
1712,F,1624,16780,5.625
1713,F,582,13837,6.821384693
1714,F,1945,17845,5.289296722
1715,F,1567,16596,5.687364425
1716,F,2065,18337,5.147379615
1717,F,2435,20499,4.604492902
1718,F,171,12242,7.710137232
1719,F,2023,18161,5.197263367
1720,F,546,13733,6.873043035
1721,F,1340,15974,5.908820583
1722,F,63,11273,8.372882108
1723,F,1056,15155,6.228142527
1724,F,1883,17565,5.373612297
1725,F,1165,15445,6.111201036
1726,F,1813,17313,5.451828106
1727,F,2346,19885,4.746668343
1728,F,2453,20615,4.578583556
1729,F,1322,15910,5.932589566
1730,F,2375,20084,4.699636527
1731,F,1866,17487,5.39758106
1732,F,501,13598,6.941278129
1733,F,2258,19335,4.881691234
1734,F,1785,17230,5.47809054
1735,M,1199,15538,6.074623504
1736,M,737,14211,6.641861938
1737,M,1739,17102,5.519091334
1738,M,585,13849,6.815474041
1739,M,404,13263,7.116602579
1740,M,1469,16335,5.778236915
1741,M,1313,15893,5.93893538
1742,M,1803,17278,5.46287186
1743,M,901,14737,6.404797449
1744,M,2198,18995,4.969070808
1745,M,1610,16731,5.641473911
1746,M,1414,16182,5.832869855
1747,M,2228,19128,4.934520075
1748,M,1947,17861,5.284558535
1749,M,240,12563,7.513133806
1750,M,2339,19840,4.757434476
1751,M,844,14516,6.502307798
1752,M,53,11043,8.547269764
1753,M,841,14511,6.504548274
1754,M,1091,15240,6.193405512
1755,M,1753,17128,5.510713452
1756,M,1176,15477,6.098565613
1757,M,929,14818,6.369786746
1758,M,2383,20172,4.679134444
1759,M,505,13607,6.936686999
1760,M,1913,17713,5.328713374
1761,M,2235,19176,4.922168335
1762,M,431,13353,7.068636262
1763,M,161,12179,7.750020527
1764,M,138,12020,7.852537438
1765,M,560,13767,6.85606886
1766,M,1774,17179,5.494353571
1767,M,1333,15947,5.918824857
1768,M,1607,16721,5.644847796
1769,M,1660,16885,5.590020728
1770,M,1589,16655,5.667217052
1771,M,1036,15106,6.248345028
1772,M,1520,16504,5.719068105
1773,M,335,12975,7.274566474
1774,M,1451,16272,5.800608407
1775,M,2039,18222,5.179864998
1776,M,621,13936,6.772926234
1777,M,8,9935,9.500503271
1778,M,2111,18519,5.096792483
1779,M,870,14607,6.461799137
1780,M,977,14950,6.313545151
1781,F,2460,20670,4.566400581
1782,F,997,15007,6.28956487
1783,F,1407,16157,5.841895154
1784,F,1781,17210,5.484456711
1785,F,1926,17761,5.314312257
1786,F,1732,17076,5.527494729
1787,M,816,14436,6.538341646
1788,M,1501,16457,5.735401349
1789,M,11,10113,9.333283892
1790,M,90,11615,8.126345243
1791,M,923,14806,6.374949345
1792,M,594,13882,6.799272439
1793,M,351,13040,7.238305215
1794,M,1143,15392,6.132244023
1795,M,459,13465,7.009840327
1796,M,827,14474,6.521175902
1797,M,509,13611,6.934648446
1798,M,1013,15036,6.277434158
1799,F,2208,19029,4.960192338
1800,F,706,14150,6.6704947
1801,F,2100,18459,5.113359337
1802,F,924,14807,6.374518809
1803,M,1069,15191,6.213382924
1804,M,802,14391,6.558786742
1805,F,1021,15080,6.259118037
1806,F,570,13808,6.835711182
1807,F,1771,17174,5.495953185
1808,F,222,12499,7.551604128
1809,F,1120,15334,6.155438894
1810,F,231,12534,7.530516994
1811,F,708,14162,6.664842536
1812,F,1844,17408,5.422076057
1813,F,1538,16555,5.701449713
1814,F,1311,15887,5.941178322
1815,F,148,12103,7.798686276
1816,F,1267,15763,5.987914737
1817,F,994,15005,6.290403199
1818,M,1498,16440,5.741332117
1819,F,1109,15296,6.17073091
1820,F,811,14426,6.542873978
1821,F,2313,19693,4.792946732
1822,M,2,9265,10.18753373
1823,M,695,14110,6.689404678
1824,M,489,13560,6.960730088
1825,F,1983,17975,5.251043115
1826,F,1633,16805,5.616631955
1827,M,2254,19301,4.890290659
1828,F,878,14640,6.447233607
1829,M,2459,20663,4.567947539
1830,M,423,13322,7.085084822
1831,F,1954,17890,5.275992174
1832,F,1964,17922,5.266571811
1833,F,1401,16146,5.845875139
1834,F,2168,18841,5.009686322
1835,F,805,14395,6.556964224
1836,M,237,12550,7.520916335
1837,M,1578,16620,5.679151625
1838,M,846,14522,6.499621264
1839,M,1462,16314,5.78567488
1840,M,1228,15617,6.043894474
1841,M,220,12496,7.553417093
1842,M,25,10646,8.866006012
1843,M,700,14129,6.680409088
1844,M,23,10616,8.891060663
1845,M,175,12285,7.683150183
1846,M,1357,16008,5.896270615
1847,M,1295,15834,5.961064797
1848,M,2307,19653,4.802701878
1849,F,969,14924,6.324544358
1850,M,269,12656,7.457925095
1851,M,56,11084,8.515653194
1852,M,2419,20407,4.625251139
1853,M,123,11948,7.899857717
1854,M,2316,19717,4.787112644
1855,M,1286,15825,5.964454976
1856,M,204,12424,7.597190921
1857,M,855,14562,6.481767614
1858,M,666,14052,6.717015371
1859,M,356,13060,7.227220521
1860,F,1740,17103,5.518768637
1861,M,265,12646,7.463822553
1862,M,1369,16061,5.876813399
1863,M,907,14754,6.397417649
1864,M,1059,15170,6.221984179
1865,F,615,13927,6.77730308
1866,F,1815,17323,5.448680944
1867,F,2050,18259,5.169368531
1868,F,1088,15229,6.197879047
1869,F,2440,20538,4.595749343
1870,M,873,14611,6.460030114
1871,M,1806,17288,5.459711939
1872,F,760,14280,6.609768908
1873,F,550,13738,6.870541564
1874,M,2278,19480,4.845354209
1875,M,610,13914,6.783635188
1876,M,375,13138,7.184312681
1877,M,2223,19109,4.939426448
1878,M,2037,18216,5.181571146
1879,M,1412,16180,5.833590853
1880,M,2099,18458,5.113636364
1881,F,383,13173,7.165224322
1882,F,2253,19296,4.891557836
1883,M,959,14901,6.334306422
1884,F,302,12835,7.353915076
1885,M,457,13461,7.011923334
1886,M,681,14083,6.702229639
1887,M,970,14925,6.324120603
1888,M,1702,16987,5.556454936
1889,F,1810,17299,5.456240245
1890,F,1453,16280,5.797757985
1891,M,1758,17135,5.508462212
1892,M,662,14049,6.718449712
1893,F,2368,20056,4.706197647
1894,M,145,12070,7.820008285
1895,M,103,11743,8.03776718
1896,M,282,12742,7.407589075
1897,M,659,14028,6.728507271
1898,M,1,9174,10.28858731
1899,M,66,11335,8.327084252
1900,M,2041,18237,5.17560454
1901,M,976,14943,6.31650271
1902,F,1700,16980,5.558745583
1903,M,1826,17349,5.440515303
1904,M,115,11845,7.968552132
1905,M,1690,16953,5.567598655
1906,M,690,14094,6.696998723
1907,M,1834,17392,5.427064167
1908,M,6,9641,9.790218857
1909,M,1054,15151,6.229786813
1910,M,1159,15434,6.115556563
1911,M,1235,15643,6.033849006
1912,M,793,14367,6.569743161
1913,M,185,12359,7.637147018
1914,M,2026,18171,5.19440317
1915,M,153,12153,7.766600839
1916,M,1631,16801,5.617969169
1917,M,1528,16526,5.711454677
1918,M,1828,17359,5.437381186
1919,M,1877,17536,5.382498859
1920,F,2020,18141,5.20299322
1921,F,1302,15855,5.953169347
1922,M,893,14698,6.421792081
1923,M,1542,16559,5.700072468
1924,M,35,10803,8.737156345
1925,M,256,12609,7.485724483
1926,M,862,14586,6.471102427
1927,M,1907,17703,5.331723437
1928,M,2173,18864,5.003578244
1929,M,368,13107,7.201304646
1930,M,84,11574,8.155132193
1931,M,1001,15016,6.285795152
1932,M,305,12860,7.339618974
1933,M,886,14663,6.437120644
1934,M,120,11917,7.920407821
1935,F,1329,15937,5.922538746
1936,M,995,15005,6.290403199
1937,M,2221,19097,4.94253024
1938,F,106,11755,8.029561889
1939,M,2494,21940,4.302073838
1940,M,1665,16889,5.588696785
1941,M,1432,16229,5.815977571
1942,M,640,13990,6.746783417
1943,F,1985,17976,5.250751001
1944,F,1162,15439,6.113576009
1945,M,465,13485,6.999443826
1946,F,1213,15580,6.058247754
1947,F,1058,15164,6.224446056
1948,F,587,13850,6.814981949
1949,F,1486,16386,5.760252655
1950,F,974,14938,6.31861695
1951,F,1494,16434,5.743428258
1952,F,2059,18312,5.154406946
1953,F,2086,18408,5.127526076
1954,F,1668,16895,5.586712045
1955,F,914,14776,6.387892528
1956,F,1554,16576,5.694226593
1957,F,180,12330,7.655109489
1958,M,1280,15796,5.975405166
1959,F,2428,20458,4.613720794
1960,F,743,14231,6.632527581
1961,M,2469,20775,4.5433213
1962,M,113,11805,7.995552732
1963,M,1919,17735,5.322103186
1964,M,2212,19059,4.9523847
1965,F,460,13467,7.008799287
1966,F,1371,16069,5.87388761
1967,F,2142,18677,5.053675644
1968,M,1929,17767,5.312517589
1969,M,523,13648,6.915848476
1970,F,2298,19618,4.811270262
1971,F,1387,16105,5.860757529
1972,M,1115,15311,6.16468552
1973,M,1940,17805,5.301179444
1974,M,584,13847,6.816458439
1975,F,21,10553,8.944139107
1976,F,636,13987,6.7482305
1977,F,1004,15022,6.283284516
1978,F,1692,16965,5.563660477
1979,F,532,13685,6.897150164
1980,F,599,13895,6.792911119
1981,F,1601,16699,5.652284568
1982,F,366,13104,7.202953297
1983,F,1525,16517,5.71456681
1984,F,1278,15791,5.977297195
1985,F,1773,17177,5.494993305
1986,F,1229,15625,6.0408
1987,M,794,14371,6.56791455
1988,M,1725,17042,5.538522474
1989,M,1144,15394,6.131447317
1990,F,728,14202,6.646070976
1991,M,1146,15396,6.130650818
1992,M,286,12770,7.391346907
1993,F,1874,17532,5.383726899
1994,F,1281,15807,5.971246916
1995,F,2044,18241,5.174469601
1996,M,539,13712,6.883569137
1997,M,572,13813,6.833236806
1998,M,1894,17656,5.345916402
1999,M,167,12230,7.717702371
2000,M,2476,21031,4.488017688
2001,M,160,12173,7.753840467
2002,M,1651,16862,5.597645594
2003,M,2063,18332,5.148783548
2004,M,1379,16095,5.864398882
2005,M,1662,16887,5.589358678
2006,M,527,13672,6.903708309
2007,M,713,14178,6.657321202
2008,M,626,13944,6.769040448
2009,M,228,12521,7.538335596
2010,M,689,14093,6.697473923
2011,M,245,12580,7.502980922
2012,M,206,12438,7.588639653
2013,M,2179,18911,4.991142721
2014,M,2127,18595,5.07596128
2015,F,83,11569,8.158656755
2016,M,889,14674,6.432295216
2017,M,1367,16050,5.880841121
2018,M,2472,20948,4.505800076
2019,M,1939,17804,5.301477196
2020,M,411,13292,7.101075835
2021,M,2384,20172,4.679134444
2022,M,2102,18474,5.109207535
2023,M,127,11967,7.887315117
2024,M,2123,18583,5.079239089
2025,M,758,14271,6.613937355
2026,M,1646,16846,5.602962128
2027,M,1684,16935,5.573516386
2028,M,1033,15102,6.25
2029,M,482,13548,6.966895483
2030,M,1413,16181,5.833230332
2031,M,279,12734,7.412242815
2032,M,803,14392,6.558331017
2033,M,957,14898,6.335581957
2034,M,1653,16866,5.596318036
2035,M,2487,21341,4.42282461
2036,M,2010,18116,5.210173327
2037,M,2160,18810,5.017942584
2038,M,800,14382,6.562891114
2039,M,1019,15069,6.26368704
2040,M,255,12608,7.486318211
2041,M,1555,16576,5.694226593
2042,M,1882,17560,5.375142369
2043,M,39,10860,8.691298343
2044,M,1879,17541,5.380964597
2045,M,694,14107,6.690827249
2046,F,1142,15388,6.133838056
2047,F,2271,19397,4.866087539
2048,F,2397,20272,4.656052684
2049,M,1471,16345,5.774701744
2050,M,2342,19856,4.753600927
2051,M,426,13338,7.076585695
2052,M,425,13328,7.081895258
2053,M,776,14324,6.589465233
2054,M,763,14284,6.60791795
2055,M,1691,16962,5.564644499
2056,M,1703,16989,5.555800812
2057,M,1042,15121,6.242146683
2058,M,1527,16520,5.713529056
2059,M,674,14076,6.70556266
2060,M,1259,15742,5.995902681
2061,M,395,13230,7.134353741
2062,M,1728,17059,5.533003107
2063,M,649,14006,6.73907611
2064,M,1271,15768,5.986015982
2065,M,77,11504,8.204754868
2066,M,1299,15848,5.955798839
2067,F,1848,17424,5.417097107
2068,F,1250,15704,6.01041136
2069,M,766,14290,6.605143457
2070,F,2131,18613,5.07105249
2071,F,2139,18658,5.058821953
2072,F,2380,20145,4.685405808
2073,M,752,14252,6.622754701
2074,M,1353,16002,5.89848144
2075,M,828,14476,6.520274938
2076,M,187,12362,7.635293642
2077,M,918,14793,6.380551612
2078,M,987,14976,6.302584135
2079,M,472,13514,6.984423561
2080,M,478,13533,6.974617601
2081,M,1147,15398,6.129854527
2082,M,2260,19344,4.879419975
2083,M,100,11708,8.061795354
2084,M,1545,16559,5.700072468
2085,M,1970,17941,5.26099437
2086,M,1449,16261,5.804532317
2087,M,973,14937,6.319039968
2088,M,935,14828,6.365490963
2089,M,235,12547,7.522714593
2090,M,1381,16097,5.863670249
2091,F,1805,17288,5.459711939
2092,M,1279,15792,5.976918693
2093,F,2482,21138,4.465299461
2094,F,1720,17028,5.54307611
2095,M,854,14561,6.48221276
2096,M,2426,20433,4.619365732
2097,M,424,13322,7.085084822
2098,M,950,14871,6.34708493
2099,M,283,12763,7.395400768
2100,M,2302,19640,4.805880855
2101,M,205,12426,7.595968131
2102,M,1081,15216,6.20317429
2103,F,1789,17239,5.475230582
2104,F,1287,15826,5.964078099
2105,F,1102,15268,6.182047419
2106,F,1499,16445,5.7395865
2107,F,2194,18984,4.971950063
2108,F,553,13745,6.867042561
2109,F,452,13439,7.023402039
2110,M,1263,15757,5.990194834
2111,M,569,13796,6.841657002
2112,M,1619,16758,5.632384533
2113,M,1011,15032,6.279104577
2114,M,813,14429,6.541513618
2115,M,2008,18113,5.211036272
2116,F,1211,15578,6.059025549
2117,F,1256,15729,6.000858287
2118,F,1769,17169,5.497553731
2119,F,2417,20386,4.630015697
2120,F,488,13556,6.962784007
2121,F,1435,16232,5.814902661
2122,M,1902,17688,5.336244912
2123,F,1481,16379,5.762714451
2124,F,2002,18072,5.222858566
2125,F,1339,15974,5.908820583
2126,F,2230,19151,4.928593807
2127,F,822,14461,6.527038241
2128,F,1314,15894,5.938561721
2129,F,791,14363,6.571572791
2130,F,467,13489,6.997368226
2131,F,1300,15849,5.955423055
2132,F,2082,18378,5.13589618
2133,F,751,14248,6.624613981
2134,F,919,14796,6.379257908
2135,F,1724,17038,5.539822749
2136,F,1582,16640,5.672325721
2137,F,812,14426,6.542873978
2138,F,1226,15612,6.045830131
2139,F,2103,18493,5.103958254
2140,F,1801,17273,5.464453193
2141,F,1772,17177,5.494993305
2142,F,2115,18532,5.093217138
2143,F,1787,17232,5.477454735
2144,F,867,14605,6.462684012
2145,F,1152,15422,6.120315134
2146,F,1028,15093,6.253726893
2147,F,1077,15211,6.205213332
2148,F,1245,15679,6.019994898
2149,F,2046,18241,5.174469601
2150,F,1394,16111,5.858574887
2151,F,1885,17572,5.371471659
2152,F,2480,21089,4.475674522
2153,F,1547,16562,5.699039971
2154,F,1389,16105,5.860757529
2155,F,1141,15386,6.134635383
2156,F,2177,18908,4.991934631
2157,M,2434,20497,4.604942187
2158,M,195,12385,7.621114251
2159,M,224,12511,7.544360962
2160,M,247,12585,7.5
2161,M,43,10928,8.637216325
2162,M,1540,16555,5.701449713
2163,M,1749,17116,5.514577004
2164,M,1034,15105,6.248758689
2165,M,2189,18974,4.974570465
2166,M,1604,16703,5.65093097
2167,M,272,12666,7.452036949
2168,M,1212,15580,6.058247754
2169,M,1406,16151,5.844065383
2170,M,238,12557,7.51672374
2171,M,1548,16565,5.698007848
2172,M,1209,15565,6.064086091
2173,M,183,12345,7.645808019
2174,M,1958,17908,5.270689078
2175,M,568,13793,6.843145074
2176,M,1656,16873,5.593996325
2177,M,2053,18269,5.166538946
2178,M,229,12529,7.533522228
2179,F,2091,18424,5.123073165
2180,M,1177,15480,6.097383721
2181,M,434,13368,7.060704668
2182,M,207,12451,7.580716408
2183,M,2057,18297,5.158632563
2184,M,937,14830,6.364632502
2185,M,964,14918,6.327088082
2186,F,2078,18370,5.138132825
2187,M,413,13296,7.098939531
2188,F,1484,16384,5.760955811
2189,F,993,15003,6.291241752
2190,F,1266,15763,5.987914737
2191,F,1065,15186,6.215428684
2192,F,2067,18343,5.145695906
2193,F,1272,15779,5.981842956
2194,F,1531,16532,5.709381805
2195,F,1220,15604,6.048929762
2196,M,1711,17010,5.548941799
2197,F,97,11684,8.078355015
2198,F,2226,19118,4.937101161
2199,F,1118,15327,6.158250147
2200,F,1744,17110,5.516510812
2201,F,2181,18940,4.983500528
2202,F,2080,18376,5.136455159
2203,F,1838,17397,5.425504397
2204,F,2403,20310,4.647341211
2205,F,1163,15442,6.112388292
2206,F,1496,16439,5.741681367
2207,M,1457,16289,5.794554607
2208,M,1488,16397,5.756388364
2209,F,1112,15299,6.169520884
2210,M,1402,16146,5.845875139
2211,M,1568,16599,5.686336526
2212,M,391,13209,7.145696116
2213,M,1298,15846,5.956550549
2214,F,444,13415,7.035967201
2215,M,112,11805,7.995552732
2216,M,1067,15190,6.213791968
2217,M,1949,17867,5.282783903
2218,M,2213,19069,4.949787613
2219,F,762,14281,6.609306071
2220,M,1957,17903,5.27216109
2221,M,200,12406,7.608213768
2222,M,1535,16541,5.706275316
2223,F,1730,17065,5.53105772
2224,F,948,14869,6.347938664
2225,M,2049,18252,5.171351085
2226,M,759,14276,6.611620902
2227,M,2158,18786,5.024353242
2228,F,1974,17949,5.258649507
2229,F,1388,16105,5.860757529
2230,F,2224,19112,4.938651109
2231,F,1566,16596,5.687364425
2232,F,481,13548,6.966895483
2233,F,1712,17010,5.548941799
2234,F,172,12251,7.704473104
2235,F,1318,15906,5.934081479
2236,F,2035,18212,5.182709203
2237,F,2077,18369,5.138412543
2238,F,991,14992,6.295857791
2239,F,2385,20174,4.678670566
2240,F,1231,15633,6.037708693
2241,F,2491,21482,4.393794805
2242,F,1763,17157,5.501398846
2243,F,899,14732,6.406971219
2244,M,189,12371,7.629738906
2245,M,1128,15347,6.1502248
2246,M,32,10753,8.777782944
2247,M,218,12494,7.554626221
2248,M,69,11436,8.253541448
2249,M,2340,19848,4.755516929
2250,M,508,13610,6.935157972
2251,M,24,10642,8.86933847
2252,M,1456,16286,5.795622007
2253,M,866,14602,6.464011779
2254,M,1291,15830,5.962571068
2255,M,1308,15868,5.94829216
2256,M,784,14345,6.579818752
2257,M,1364,16041,5.88414064
2258,M,234,12545,7.52391391
2259,M,1275,15784,5.979948049
2260,M,716,14184,6.654505076
2261,M,96,11680,8.081121575
2262,M,510,13612,6.934138995
2263,M,2195,18987,4.971164481
2264,M,1819,17327,5.447423097
2265,M,1452,16275,5.799539171
2266,M,1697,16979,5.559072972
2267,M,1698,16980,5.558745583
2268,M,884,14655,6.440634596
2269,M,1062,15182,6.217066263
2270,M,2257,19329,4.883206581
2271,M,2064,18337,5.147379615
2272,M,962,14910,6.330482897
2273,M,1341,15976,5.908080871
2274,F,2291,19543,4.829734432
2275,F,711,14175,6.658730159
2276,F,2021,18142,5.202706427
2277,M,2028,18182,5.191260587
2278,F,699,14123,6.683247185
2279,F,1044,15127,6.239670787
2280,F,1085,15223,6.200321881
2281,F,1647,16848,5.602297009
2282,F,2106,18510,5.099270665
2283,F,304,12860,7.339618974
2284,F,896,14717,6.413501393
2285,F,2378,20112,4.693093675
2286,F,209,12467,7.570987407
2287,F,1090,15235,6.195438136
2288,F,1190,15510,6.085589942
2289,F,2136,18644,5.062620682
2290,M,1390,16105,5.860757529
2291,F,719,14188,6.652628982
2292,M,2474,20965,4.502146435
2293,M,933,14825,6.366779089
2294,M,168,12231,7.717071376
2295,M,321,12938,7.295370227
2296,F,2239,19203,4.915247618
2297,F,1553,16575,5.694570136
2298,M,895,14705,6.418735124
2299,F,2478,21052,4.483540756
2300,M,57,11092,8.50951136
2301,F,1608,16723,5.644172696
2302,F,1911,17712,5.329014228
2303,F,2095,18440,5.118627983
2304,F,1678,16915,5.580106414
2305,F,2283,19489,4.84311663
2306,M,89,11615,8.126345243
2307,M,163,12220,7.724018003
2308,M,984,14974,6.303425938
2309,M,1031,15101,6.25041388
2310,M,450,13435,7.025493115
2311,F,369,13114,7.197460729
2312,F,1463,16317,5.784611142
2313,M,470,13504,6.989595675
2314,M,1782,17211,5.484138051
2315,M,707,14153,6.66908076
2316,M,581,13836,6.82187771
2317,M,244,12579,7.503577391
2318,M,849,14538,6.492468015
2319,M,143,12042,7.83819133
2320,M,1099,15265,6.183262365
2321,M,1649,16861,5.597977581
2322,M,1255,15729,6.000858287
2323,F,1818,17326,5.447737504
2324,F,2337,19823,4.761514402
2325,F,2114,18531,5.093491986
2326,F,232,12536,7.529315571
2327,F,2098,18450,5.115853659
2328,M,179,12315,7.664433618
2329,M,1124,15344,6.151427268
2330,M,125,11954,7.895892588
2331,M,128,11969,7.885997159
2332,M,1811,17302,5.455294186
2333,M,2062,18322,5.151593712
2334,M,1370,16061,5.876813399
2335,M,1241,15662,6.026529179
2336,M,1443,16252,5.807746739
2337,M,566,13786,6.846619759
2338,M,834,14494,6.512177453
2339,M,531,13675,6.902193784
2340,M,696,14112,6.688456633
2341,M,942,14848,6.356916756
2342,M,547,13733,6.873043035
2343,M,1634,16808,5.615629462
2344,M,506,13609,6.935667573
2345,M,1512,16474,5.729482821
2346,M,416,13308,7.092538323
2347,M,2085,18407,5.12780464
2348,M,2374,20079,4.700806813
2349,M,2338,19828,4.760313698
2350,M,107,11759,8.026830513
2351,M,468,13490,6.996849518
2352,M,1627,16792,5.620980229
2353,M,146,12087,7.80900968
2354,F,2349,19899,4.74332881
2355,F,266,12646,7.463822553
2356,M,141,12030,7.846009975
2357,M,312,12881,7.327653133
2358,M,559,13767,6.85606886
2359,M,1622,16767,5.629361245
2360,M,428,13341,7.074994378
2361,M,1072,15199,6.210112507
2362,M,436,13376,7.056481758
2363,M,1594,16672,5.66143834
2364,M,1127,15347,6.1502248
2365,M,1240,15656,6.028838784
2366,M,1824,17336,5.444595062
2367,M,589,13851,6.814489929
2368,M,497,13587,6.94689777
2369,M,1035,15105,6.248758689
2370,M,1719,17025,5.544052863
2371,M,371,13128,7.189785192
2372,M,710,14171,6.660609696
2373,M,1857,17453,5.408096029
2374,M,1729,17064,5.531381857
2375,M,33,10754,8.77696671
2376,M,1900,17684,5.337451934
2377,M,1746,17113,5.515543739
2378,M,869,14606,6.462241545
2379,M,630,13958,6.762251039
2380,M,2188,18971,4.975357124
2381,F,1655,16872,5.594327881
2382,M,1424,16208,5.82351308
2383,M,906,14745,6.401322482
2384,M,156,12162,7.760853478
2385,F,1167,15450,6.109223301
2386,M,197,12392,7.616809232
2387,M,1070,15194,6.212156114
2388,M,1497,16440,5.741332117
2389,F,670,14062,6.712238657
2390,F,388,13202,7.149484927
2391,F,2447,20576,4.587261858
2392,F,443,13415,7.035967201
2393,F,1526,16519,5.713874932
2394,F,2036,18216,5.181571146
2395,M,920,14800,6.377533784
2396,M,273,12674,7.447333123
2397,M,71,11469,8.229793356
2398,M,485,13552,6.964839138
2399,M,516,13633,6.923457786
2400,M,2190,18977,4.973784054
2401,F,675,14076,6.70556266
2402,F,926,14809,6.373657911
2403,F,922,14806,6.374949345
2404,M,2132,18624,5.068057345
2405,M,75,11504,8.204754868
2406,M,757,14270,6.614400841
2407,M,1216,15595,6.052420648
2408,F,1644,16842,5.604292839
2409,F,1997,18035,5.233573607
2410,F,2306,19648,4.803924064
2411,M,1925,17758,5.315210046
2412,M,1051,15146,6.231843391
2413,F,1296,15844,5.957302449
2414,F,1916,17721,5.32630777
2415,F,641,13992,6.745819039
2416,F,1284,15823,5.965208873
2417,F,1386,16105,5.860757529
2418,F,2090,18421,5.123907497
2419,F,2471,20918,4.512262167
2420,F,821,14455,6.529747492
2421,F,1598,16688,5.656010307
2422,M,853,14555,6.484884919
2423,M,1918,17734,5.322403293
2424,M,1917,17734,5.322403293
2425,F,2153,18749,5.034268494
2426,M,389,13208,7.146237129
2427,F,958,14901,6.334306422
2428,M,1722,17030,5.542425132
2429,M,1192,15517,6.082844622
2430,M,863,14590,6.469328307
2431,M,463,13473,7.005678023
2432,M,347,13013,7.253323599
2433,F,1611,16731,5.641473911
2434,M,580,13832,6.823850492
2435,F,1737,17096,5.521028311
2436,M,894,14704,6.419171654
2437,M,1930,17769,5.311919635
2438,M,1887,17574,5.370860362
2439,M,618,13931,6.775357117
2440,M,2312,19687,4.794407477
2441,M,591,13857,6.811539294
2442,F,1928,17765,5.313115677
2443,M,2075,18368,5.138692291
2444,M,602,13896,6.79242228
2445,M,761,14281,6.609306071
2446,M,864,14596,6.46666895
2447,F,1139,15379,6.137427661
2448,F,1597,16681,5.65838379
2449,F,1020,15079,6.259533126
2450,F,967,14920,6.326239946
2451,M,1166,15448,6.110014241
2452,F,1586,16650,5.668918919
2453,F,1374,16077,5.870964732
2454,F,533,13686,6.896646208
2455,M,2272,19399,4.865585855
2456,M,996,15006,6.289984006
2457,M,1816,17323,5.448680944
2458,M,1768,17168,5.497873952
2459,M,908,14755,6.396984073
2460,M,427,13339,7.076055177
2461,M,1623,16773,5.627347523
2462,M,373,13132,7.187595187
2463,M,50,11028,8.558895539
2464,M,1489,16415,5.75007615
2465,M,608,13910,6.785585909
2466,M,2290,19538,4.830970417
2467,M,2468,20755,4.54769935
2468,M,2038,18219,5.180717932
2469,M,1045,15131,6.238021281
2470,M,543,13728,6.875546329
2471,M,1938,17801,5.302370653
2472,M,537,13703,6.888090199
2473,F,2457,20636,4.57392421
2474,F,1405,16148,5.845151102
2475,M,2164,18822,5.014743385
2476,F,2473,20964,4.502361191
2477,M,1620,16760,5.631712411
2478,M,712,14178,6.657321202
2479,M,2146,18694,5.049079919
2480,M,557,13762,6.858559802
2481,F,2251,19282,4.895109428
2482,M,122,11931,7.911113905
2483,M,2296,19590,4.818147014
2484,M,2411,20364,4.635017678
2485,M,837,14500,6.509482759
2486,F,795,14376,6.565630217
2487,F,613,13921,6.780224122
2488,M,663,14049,6.718449712
2489,M,709,14165,6.663430992
2490,M,311,12878,7.329360149
2491,M,1376,16086,5.86767997
2492,M,270,12660,7.45556872
2493,M,344,12994,7.263929506
2494,M,328,12955,7.28579699
2495,F,2377,20104,4.694961202
2496,M,315,12904,7.314592374
2497,F,1636,16826,5.609622014
2498,F,1860,17462,5.40530867
2499,F,1428,16220,5.819204686
